g1_t,g2_t,Run,Dimension,Similarity,Happy_proportion,Coherence,Group1_similarity,Group2_similarity
0.5,0.5,1,1,0.9001167500290799,1,165,0.5098333386144893,0.9689902932198908
0.5,0.5,2,1,0.9002029431463915,1,163,0.5096642150786217,0.9691215422171752
0.5,0.5,3,1,0.9004840867134932,1,184,0.5112621306189669,0.9691703142595871
0.5,0.5,4,1,0.9002460174817969,1,224,0.5110791912347977,0.9689225162312681
0.5,0.5,5,1,0.9011307536851785,1,203,0.5134889943429299,0.9695381229808705
0.5,0.5,6,1,0.9000705613291329,1,215,0.5123833285453699,0.9684859553497975
0.5,0.5,7,1,0.8995546802476345,1,175,0.5086526042070589,0.9685373995489132
0.5,0.5,8,1,0.8990999484849017,1,164,0.5093067867193546,0.9678869770317633
0.5,0.5,9,1,0.900034233,1,178,0.5106433381730879,0.9687502732829497
0.5,0.5,10,1,0.90055693,1,179,0.5114848888048269,0.9692167023101185
0.5,0.5,11,1,0.900204995,1,207,0.5110208761995393,0.9688845457009299
0.5,0.5,12,1,0.9000797898847153,1,189,0.5107306718765549,0.9687884577685089
0.5,0.5,13,1,0.900637058,1,174,0.5118895673456425,0.9692395568828194
0.5,0.5,14,1,0.8992557218356855,1,183,0.5095557605231424,0.9680263032437819
0.5,0.5,15,1,0.9000421711872189,1,221,0.5097019204053299,0.9689257448546119
0.5,0.5,16,1,0.9004399616861185,1,169,0.5116164418273933,0.9690558769553059
0.5,0.5,17,1,0.9011571271304023,1,183,0.5141454973610322,0.9694532970897042
0.5,0.5,18,1,0.8998634125354875,1,174,0.5091281416868279,0.9688166956264287
0.5,0.5,19,1,0.8993329189008384,1,176,0.5103725477934032,0.9679729843903869
0.5,0.5,20,1,0.9003292531575212,1,200,0.5116082288997661,0.9689270809677143
0.5,0.5,21,1,0.9008884448517197,1,186,0.512995046,0.9693402211622931
0.5,0.5,22,1,0.9005632935170458,1,167,0.5127397694210645,0.9690027389457492
0.5,0.5,23,1,0.8998588071669478,1,201,0.5110397282248471,0.9684739387449666
0.5,0.5,24,1,0.8996446085077204,1,157,0.5090386643090857,0.9685750692486568
0.5,0.5,25,1,0.9003519594041607,1,200,0.5122135262374873,0.968846977
0.5,0.5,26,1,0.8999764159823462,1,185,0.5105840891883059,0.9686927089460009
0.5,0.5,27,1,0.9002737007328367,1,215,0.5115019235774363,0.968880485
0.5,0.5,28,1,0.9001458004989248,1,174,0.5099391350004203,0.9690058002927796
0.5,0.5,29,1,0.9001141023917275,1,212,0.5111621003750323,0.9687526909829097
0.5,0.5,30,1,0.8999114491962492,1,186,0.5105506154406712,0.9686221845648818
0.5,0.5,31,1,0.8996830911709557,1,163,0.5101898693740788,0.9684171891351112
0.5,0.5,32,1,0.9000029779650497,1,197,0.5098282376296706,0.9688573439065876
0.5,0.5,33,1,0.8995683451381006,1,170,0.5094282542243961,0.9684165964758132
0.5,0.5,34,1,0.899515442,1,192,0.509408457,0.9683578506869425
0.5,0.5,35,1,0.8999929084328044,1,184,0.5121379577537042,0.9684379
0.5,0.5,36,1,0.9001828790024039,1,169,0.5104539664703999,0.9689585694492291
0.5,0.5,37,1,0.8998186047826616,1,204,0.5102866912987375,0.9685595306915907
0.5,0.5,38,1,0.9000447643134245,1,166,0.5109035815382185,0.9687167377443442
0.5,0.5,39,1,0.9010385445419318,1,172,0.5126831440522356,0.9695718505107027
0.5,0.5,40,1,0.8998609014462245,1,190,0.5099299315991178,0.9686722490663036
0.5,0.5,41,1,0.8994124237520594,1,196,0.5082892942047272,0.9684341524957066
0.5,0.5,42,1,0.8991460883711103,1,166,0.5087086018834663,0.9680468212806953
0.5,0.5,43,1,0.9011809432693947,1,213,0.5153304059120764,0.9692722145677456
0.5,0.5,44,1,0.8995668824246686,1,174,0.509446717,0.9684116175516304
0.5,0.5,45,1,0.8993068948212208,1,163,0.5096459106992237,0.9680705979015742
0.5,0.5,46,1,0.899160321,1,158,0.5087081797614853,0.9680636400547421
0.5,0.5,47,1,0.8997508300549041,1,176,0.5103774121682254,0.968463786
0.5,0.5,48,1,0.9004495489640962,1,168,0.5110509165160646,0.9691669546902204
0.5,0.5,49,1,0.9001355940716486,1,179,0.5103321152800837,0.9689244432701613
0.5,0.5,50,1,0.900350998,1,179,0.5105222685219298,0.9691443030417682
0.5,0.5,51,1,0.9008539876940085,1,169,0.5133400117171135,0.9692388069840496
0.5,0.5,52,1,0.9012128513924315,1,169,0.5125053277357616,0.9698082967436097
0.5,0.5,53,1,0.8995808445783995,1,197,0.510713517,0.9682044906903787
0.5,0.5,54,1,0.9013901561190544,1,208,0.514275985,0.9697044216727801
0.5,0.5,55,1,0.9008896021394871,1,196,0.5142204295520783,0.9691253384784426
0.5,0.5,56,1,0.9000476179501756,1,196,0.5112135983184494,0.9686653861204816
0.5,0.5,57,1,0.899655669,1,167,0.5097968305869778,0.9684542870171561
0.5,0.5,58,1,0.8991767801611125,1,163,0.5092247122969749,0.9679918509606669
0.5,0.5,59,1,0.901447237,1,175,0.5136135996873723,0.9698884668351951
0.5,0.5,60,1,0.8999818952904592,1,172,0.5102993724627936,0.968749399
0.5,0.5,61,1,0.89963451,1,184,0.5099444047644203,0.9684033520991359
0.5,0.5,62,1,0.9001013948581771,1,189,0.5107336455849533,0.9688133506122765
0.5,0.5,63,1,0.8995873659482012,1,221,0.5117182735430726,0.9680348528432241
0.5,0.5,64,1,0.9001171962593513,1,197,0.5102691700106035,0.9689139067738376
0.5,0.5,65,1,0.8991397290798185,1,181,0.5083352304980887,0.9681052288295361
0.5,0.5,66,1,0.9006191511639184,1,218,0.5119106144457861,0.9692147752906488
0.5,0.5,67,1,0.9007518399282475,1,203,0.5141638450152076,0.9689732507952554
0.5,0.5,68,1,0.8995614120732481,1,159,0.5088129125004809,0.9685170296449142
0.5,0.5,69,1,0.9007930392656212,1,196,0.5120672946443459,0.9693917000811411
0.5,0.5,70,1,0.9000910486200273,1,190,0.5123221874331311,0.9685208476530098
0.5,0.5,71,1,0.9006751794080837,1,197,0.5126698263072149,0.969146712
0.5,0.5,72,1,0.9005055149056646,1,179,0.5123204317325324,0.969008765
0.5,0.5,73,1,0.8995695276714178,1,151,0.5096221429316447,0.9683837720372612
0.5,0.5,74,1,0.9003879860576386,1,162,0.511856442,0.968952376
0.5,0.5,75,1,0.9012709330925731,1,162,0.5133331165095268,0.9697305477836997
0.5,0.5,76,1,0.9009366762950951,1,197,0.5130243242994706,0.9693917972355003
0.5,0.5,77,1,0.8994062222063846,1,194,0.5102978322035114,0.9680724086774809
0.5,0.5,78,1,0.9000245074316089,1,201,0.5118933048019212,0.9685182490721435
0.5,0.5,79,1,0.9001121088187601,1,186,0.5098515077126518,0.9689816266610157
0.5,0.5,80,1,0.8992904945468652,1,194,0.5087045518130179,0.9682174256175451
0.5,0.5,81,1,0.8999143133438265,1,210,0.5115042434942315,0.9684572668466974
0.5,0.5,82,1,0.8993620832684955,1,190,0.5092708606378292,0.9682017107915551
0.5,0.5,83,1,0.9006374109625974,1,210,0.5136616409491382,0.9689272527296794
0.5,0.5,84,1,0.9001766628341796,1,187,0.5115694427497861,0.9687544075549551
0.5,0.5,85,1,0.9000117015420387,1,175,0.5111222827169326,0.9686392460405882
0.5,0.5,86,1,0.8997694104233758,1,173,0.5111394720438495,0.9683511642550581
0.5,0.5,87,1,0.8995779019668444,1,155,0.5096337183493314,0.968391581
0.5,0.5,88,1,0.9000967174224369,1,184,0.5109909522683739,0.9687624406849191
0.5,0.5,89,1,0.8998817617456344,1,223,0.5097845545105482,0.9687224453753565
0.5,0.5,90,1,0.9001619617472558,1,206,0.5106134835537453,0.9689058108402292
0.5,0.5,91,1,0.8994846292439682,1,181,0.5098573998217245,0.9682423756126008
0.5,0.5,92,1,0.8997069496079112,1,184,0.5098476905533647,0.9685056423822437
0.5,0.5,93,1,0.9004483400607356,1,252,0.5132541915291725,0.9687767192133654
0.5,0.5,94,1,0.8997519053613654,1,157,0.5096722077569946,0.9685894990562551
0.5,0.5,95,1,0.90080166,1,158,0.5115153210845975,0.969499249
0.5,0.5,96,1,0.9004381660400747,1,165,0.5109924765347804,0.9691638759527749
0.5,0.5,97,1,0.9003925419876019,1,167,0.5123471061042435,0.9688711483199596
0.5,0.5,98,1,0.9006596680186317,1,176,0.5128938942921075,0.9690889222056658
0.5,0.5,99,1,0.8988836597310911,1,209,0.5086431156618677,0.9677496380962488
0.5,0.5,100,1,0.9007897661249095,1,195,0.512924276,0.9692366172387112
0.5,0.9,1,1,0.9006343196978454,1,171,0.5124976038585487,0.969129034
0.5,0.9,2,1,0.9002959389582089,1,111,0.5109621625150524,0.9690018995070022
0.5,0.9,3,1,0.9000752666895766,1,119,0.5114287089100086,0.9686599533565601
0.5,0.9,4,1,0.9014318208252999,1,163,0.5161129495037939,0.969429269
0.5,0.9,5,1,0.9002822295246289,1,164,0.510914481,0.9689941851802816
0.5,0.9,6,1,0.8993128004014587,1,144,0.5085702790405798,0.9682673629945555
0.5,0.9,7,1,0.8999548195266294,1,126,0.5099285737914565,0.9687829805387198
0.5,0.9,8,1,0.9004709278685669,1,123,0.5106193387576423,0.9692682671234369
0.5,0.9,9,1,0.900593938,1,117,0.5108558454178261,0.9693712483034043
0.5,0.9,10,1,0.900644296,1,141,0.5118676050584801,0.9692519473577812
0.5,0.9,11,1,0.8997868406817613,1,141,0.5096720952466671,0.968630619
0.5,0.9,12,1,0.8992527036923572,1,129,0.5092157204686495,0.9680827595553649
0.5,0.9,13,1,0.8998916632655418,1,115,0.5105259502941751,0.9686032596722539
0.5,0.9,14,1,0.9004184428244818,1,145,0.5108775241230419,0.9691609578894431
0.5,0.9,15,1,0.8998183188945588,1,127,0.5090642387346863,0.9687749212757131
0.5,0.9,16,1,0.9005595689638588,1,124,0.5120836637647076,0.9691141404695923
0.5,0.9,17,1,0.9006652992205303,1,144,0.5105258108955656,0.9695134442190545
0.5,0.9,18,1,0.8997224828921901,1,110,0.5103274365279441,0.9684392557799992
0.5,0.9,19,1,0.8998624033550047,1,122,0.5099990055109639,0.9686618265039533
0.5,0.9,20,1,0.9004691736195626,1,150,0.510538423,0.9692804825145107
0.5,0.9,21,1,0.8997449388785425,1,131,0.5111231112359196,0.968325261
0.5,0.9,22,1,0.9002276098418958,1,125,0.5102637789512733,0.9690447564696535
0.5,0.9,23,1,0.899181111,1,121,0.5091043940418295,0.9680181792550643
0.5,0.9,24,1,0.9003814337744457,1,141,0.5121550053910866,0.9688919799597452
0.5,0.9,25,1,0.8997777834046651,1,127,0.51064733,0.9684478633590108
0.5,0.9,26,1,0.8998704694946325,1,140,0.5103617320258191,0.9686073055185417
0.5,0.9,27,1,0.9000159137714332,1,140,0.5097144638325517,0.9688926402312362
0.5,0.9,28,1,0.8998637840993015,1,117,0.5090830889249295,0.968825083
0.5,0.9,29,1,0.8995811462126733,1,120,0.5102620664060438,0.9682845132373727
0.5,0.9,30,1,0.9005495238640596,1,155,0.5106167433348737,0.9693611910162698
0.5,0.9,31,1,0.9008462180920632,1,148,0.5116800184594722,0.9695226062625212
0.5,0.9,32,1,0.9013772139094044,1,172,0.5138385237023222,0.9697663945341847
0.5,0.9,33,1,0.9008394187004614,1,132,0.5127353828856134,0.9693283661971995
0.5,0.9,34,1,0.8997936492405764,1,117,0.5097661627624512,0.9686220292073056
0.5,0.9,35,1,0.899997257,1,155,0.5093283379439497,0.9689388306411635
0.5,0.9,36,1,0.8997191128366396,1,117,0.5099605089758923,0.9685000429297135
0.5,0.9,37,1,0.8993361373917709,1,123,0.508940771,0.9682294372575981
0.5,0.9,38,1,0.8999158011636715,1,137,0.5105972450399204,0.9686190757737461
0.5,0.9,39,1,0.9004281527495608,1,139,0.5117005427174167,0.969027143
0.5,0.9,40,1,0.8998176377785493,1,120,0.5113459598818122,0.9683714632897394
0.5,0.9,41,1,0.9001432920411616,1,174,0.5118090524570543,0.9686728637324754
0.5,0.9,42,1,0.9008930688484978,1,141,0.5124679994353543,0.969438669
0.5,0.9,43,1,0.8996134103659664,1,130,0.5102568907540337,0.9683233844151313
0.5,0.9,44,1,0.9011429919701092,1,123,0.5113996038866695,0.9699212369260106
0.5,0.9,45,1,0.9010033765529124,1,143,0.512143641,0.9696256828841453
0.5,0.9,46,1,0.8989556548629102,1,116,0.5070730199039073,0.9681114139733231
0.5,0.9,47,1,0.9000669488359105,1,162,0.5098647417405462,0.9689261618527404
0.5,0.9,48,1,0.9004211749765807,1,129,0.5115400649656859,0.9690472532137983
0.5,0.9,49,1,0.8999497576212977,1,136,0.509789836,0.9688015085453489
0.5,0.9,50,1,0.899559678,1,129,0.5090028268555282,0.9684814748571486
0.5,0.9,51,1,0.9002756218568806,1,148,0.5113432761384683,0.9689107416895427
0.5,0.9,52,1,0.9008369424369154,1,134,0.512489049,0.9693689237060206
0.5,0.9,53,1,0.9008474573618644,1,128,0.5123534665178152,0.96940522
0.5,0.9,54,1,0.9004928508811686,1,124,0.5117321427610506,0.969097682
0.5,0.9,55,1,0.9005256282461493,1,145,0.5110840343899075,0.9692506153972522
0.5,0.9,56,1,0.9006191116871872,1,131,0.512771815,0.969062752
0.5,0.9,57,1,0.9004239948399057,1,137,0.511482651,0.9690607025258947
0.5,0.9,58,1,0.9008354401282657,1,126,0.5135892555645025,0.9691730021101064
0.5,0.9,59,1,0.8998332467112198,1,149,0.5105212886730025,0.9685353569532593
0.5,0.9,60,1,0.9005676333698966,1,136,0.5110956606731819,0.969297981
0.5,0.9,61,1,0.9003926596953984,1,128,0.5110317011891405,0.9691034170788567
0.5,0.9,62,1,0.9002945549909329,1,133,0.5106667058536078,0.969052411
0.5,0.9,63,1,0.8997441360208891,1,134,0.5104352302299245,0.9684457076310601
0.5,0.9,64,1,0.9005636427986449,1,136,0.5115075105725038,0.9692206073091413
0.5,0.9,65,1,0.9002882222426506,1,123,0.5112023969654244,0.9689504267033386
0.5,0.9,66,1,0.9005467134363736,1,134,0.5119433569790172,0.9691237763406139
0.5,0.9,67,1,0.8997144082942623,1,143,0.5108183118423286,0.9683431311975448
0.5,0.9,68,1,0.8999794198485279,1,139,0.5114520254004703,0.9685430776923034
0.5,0.9,69,1,0.8999999785849535,1,133,0.5099044522193349,0.9688403655906517
0.5,0.9,70,1,0.9007882589001196,1,131,0.5126640746584108,0.9692807620015989
0.5,0.9,71,1,0.900105977,1,156,0.5091286821431751,0.9691019700725088
0.5,0.9,72,1,0.9000197877983408,1,144,0.5115758051211065,0.9685687259178533
0.5,0.9,73,1,0.8995957865915162,1,144,0.5108098568553365,0.9682050683096662
0.5,0.9,74,1,0.899214566,1,116,0.5080381618557074,0.9682456961368748
0.5,0.9,75,1,0.8992807241893908,1,143,0.5084033887612168,0.9682590775002463
0.5,0.9,76,1,0.8999517945835585,1,128,0.5104732595227022,0.9686833007707696
0.5,0.9,77,1,0.9006543953301903,1,125,0.5118869284482179,0.9692604188975985
0.5,0.9,78,1,0.8999732754782569,1,125,0.5094901953413684,0.9688820543259442
0.5,0.9,79,1,0.9009063179982232,1,157,0.5137285185224204,0.9692318120233663
0.5,0.9,80,1,0.9004388659806295,1,144,0.5119515370789712,0.9689954534338645
0.5,0.9,81,1,0.9003586975421933,1,139,0.511825147,0.9689234416881813
0.5,0.9,82,1,0.90052125,1,174,0.5118656041131192,0.9691075399046649
0.5,0.9,83,1,0.8997882940891635,1,180,0.5102276283718324,0.9685342939216345
0.5,0.9,84,1,0.9007088520060167,1,145,0.5124955818920018,0.9692170761437846
0.5,0.9,85,1,0.9003219536599159,1,127,0.5096344848760449,0.9692668010923634
0.5,0.9,86,1,0.9000799933046252,1,140,0.5099952558845128,0.9689184763787635
0.5,0.9,87,1,0.8998304300028371,1,139,0.5109205227688162,0.9684615901029586
0.5,0.9,88,1,0.9008405548925821,1,120,0.5125899676447693,0.9693553644069032
0.5,0.9,89,1,0.9002710162367209,1,143,0.5117392473371851,0.9688354460425224
0.5,0.9,90,1,0.8996134950343909,1,158,0.5109930302035115,0.9681935770633714
0.5,0.9,91,1,0.9001294485012019,1,187,0.5117959653682558,0.9686588867011341
0.5,0.9,92,1,0.8995830818846511,1,127,0.5094471254531897,0.9684306036078505
0.5,0.9,93,1,0.9004584750026282,1,138,0.5115648443186456,0.9690867627703902
0.5,0.9,94,1,0.9001145920072154,1,122,0.5114164555841973,0.9687083807877493
0.5,0.9,95,1,0.9010846674935408,1,105,0.5128100647878635,0.9696037150298382
0.5,0.9,96,1,0.9000785273553791,1,163,0.5095917751816696,0.9689879542095644
0.5,0.9,97,1,0.8996491943339034,1,139,0.5102457325380662,0.9683674522978758
0.5,0.9,98,1,0.9004196832727503,1,132,0.5117903341291296,0.9690013331216252
0.5,0.9,99,1,0.901315837,1,139,0.5126463141572806,0.9699045758004692
0.5,0.9,100,1,0.9012854766755686,1,124,0.513323003,0.9697494425862213
0.9,0.5,1,1,0.9812630818278048,1,290,0.906587272,0.9944411660012579
0.9,0.5,2,1,0.9812784184271472,1,274,0.9066786913154053,0.9944430761527494
0.9,0.5,3,1,0.9812925027381513,1,296,0.9068443946792206,0.9944304041603158
0.9,0.5,4,1,0.9811756603737956,1,275,0.9060707620770779,0.9944294659555699
0.9,0.5,5,1,0.9813073461997012,1,292,0.9067624250258252,0.9944623322892082
0.9,0.5,6,1,0.9813069444826685,1,284,0.906942568,0.9944300697405378
0.9,0.5,7,1,0.9812924647751554,1,300,0.9068044302232028,0.9944374120490296
0.9,0.5,8,1,0.9812672350210132,1,297,0.9065818762669031,0.9944470042129152
0.9,0.5,9,1,0.9813197077334188,1,293,0.9067990043488089,0.9944704200954086
0.9,0.5,10,1,0.9812348121885833,1,259,0.9063753543650821,0.9944453047456723
0.9,0.5,11,1,0.9812354,1,275,0.9066378382954463,0.9943996759409583
0.9,0.5,12,1,0.9812912022938542,1,276,0.906848871,0.994428084
0.9,0.5,13,1,0.981170812,1,282,0.9061290543737947,0.9944134747292922
0.9,0.5,14,1,0.9813046754887366,1,270,0.9068780614242768,0.9944387838530531
0.9,0.5,15,1,0.9813240510256418,1,295,0.9069589572018397,0.9944473028769003
0.9,0.5,16,1,0.9812805233921716,1,285,0.9067452985563275,0.9944337983632029
0.9,0.5,17,1,0.9813010403155561,1,305,0.9069470016443726,0.9944223412575288
0.9,0.5,18,1,0.981280336,1,310,0.9066299624334704,0.9944539316525145
0.9,0.5,19,1,0.9812121691849217,1,255,0.9061364295264575,0.9944608291246502
0.9,0.5,20,1,0.9811967189240832,1,298,0.9062191898075866,0.9944280475917003
0.9,0.5,21,1,0.981251388,1,323,0.9067113665672144,0.99440551
0.9,0.5,22,1,0.9812614535327447,1,305,0.9065181428352566,0.9944514495381837
0.9,0.5,23,1,0.9813171572526271,1,294,0.9069560999654049,0.9944396967739016
0.9,0.5,24,1,0.9813582700589584,1,310,0.9071591003052972,0.9944522411919581
0.9,0.5,25,1,0.9813225761273121,1,291,0.906983907,0.9944411647884718
0.9,0.5,26,1,0.9812444111874176,1,289,0.9064624241458609,0.9944412324300452
0.9,0.5,27,1,0.9813327584670362,1,333,0.9068535254855842,0.9944761525225865
0.9,0.5,28,1,0.9812810207013339,1,265,0.9067159370218011,0.9944395648800747
0.9,0.5,29,1,0.9812693812714546,1,275,0.9065179063442405,0.9944608180233164
0.9,0.5,30,1,0.9813237411432142,1,297,0.9069680104571156,0.9944453406760553
0.9,0.5,31,1,0.9813204870137903,1,315,0.9070147897917963,0.9944332571117893
0.9,0.5,32,1,0.9812584220436187,1,295,0.9066509061890021,0.9944244542532572
0.9,0.5,33,1,0.981267114,1,309,0.9067739348627571,0.994412969
0.9,0.5,34,1,0.9812956709800685,1,308,0.9069196897132705,0.9944208441447976
0.9,0.5,35,1,0.9811672675985676,1,266,0.9061337135469039,0.994408483
0.9,0.5,36,1,0.9811826095100717,1,274,0.9062062798037783,0.994413727
0.9,0.5,37,1,0.9812745247187192,1,285,0.9066579376082501,0.9944421577382139
0.9,0.5,38,1,0.9812101118220216,1,283,0.9063247690820733,0.9944251723055423
0.9,0.5,39,1,0.9812016038384899,1,264,0.9063181193490467,0.9944163363954507
0.9,0.5,40,1,0.9812244487078443,1,276,0.9063433237305526,0.9944387648803075
0.9,0.5,41,1,0.9812511842601314,1,321,0.9064445200729565,0.9944523602931611
0.9,0.5,42,1,0.9812636862595268,1,311,0.9066550254117732,0.9944299205267776
0.9,0.5,43,1,0.9812253740948611,1,339,0.9064718713214999,0.9944171687019246
0.9,0.5,44,1,0.9812762049750549,1,291,0.9066821481396219,0.9944398620636609
0.9,0.5,45,1,0.9813352545839615,1,292,0.9069730806231145,0.9944579911652868
0.9,0.5,46,1,0.9813086903826069,1,324,0.9068120180189857,0.9944551619761872
0.9,0.5,47,1,0.9813043533759036,1,288,0.9068431459583565,0.9944445664495883
0.9,0.5,48,1,0.9812710738906657,1,301,0.9066498458629145,0.9944395258955628
0.9,0.5,49,1,0.9813464450290272,1,308,0.9071085344272615,0.9944472527822799
0.9,0.5,50,1,0.9812409059536753,1,258,0.9064490035679457,0.994439477
0.9,0.5,51,1,0.9812599760925291,1,266,0.9066707351571455,0.9944227833164204
0.9,0.5,52,1,0.9812823760456446,1,260,0.9067865924390676,0.9944286907997457
0.9,0.5,53,1,0.9812561039722522,1,261,0.9066258372960037,0.9944261510327665
0.9,0.5,54,1,0.981244728,1,263,0.9063655075460662,0.9944587080541764
0.9,0.5,55,1,0.9813063246834112,1,295,0.9068853171665643,0.9944394436569723
0.9,0.5,56,1,0.9813335150462822,1,344,0.9069769632006542,0.9944552594896284
0.9,0.5,57,1,0.9812553541225443,1,312,0.9065390973185398,0.9944405759114867
0.9,0.5,58,1,0.9812589262688385,1,304,0.9065971793854364,0.9944345286600274
0.9,0.5,59,1,0.9812660639680697,1,268,0.9066800573277741,0.9944283
0.9,0.5,60,1,0.98126452,1,270,0.9065767675243804,0.9944447119065699
0.9,0.5,61,1,0.9813033556340842,1,307,0.906782157,0.9944541553723141
0.9,0.5,62,1,0.9812615418857498,1,297,0.9065337134997575,0.9944488057185715
0.9,0.5,63,1,0.9812439275470038,1,285,0.9067021615238487,0.9943983568452075
0.9,0.5,64,1,0.98132901,1,284,0.9070815226898733,0.9944315082188937
0.9,0.5,65,1,0.9812330309711652,1,263,0.906444853,0.9944309448182018
0.9,0.5,66,1,0.9812973780552376,1,269,0.9069560433136489,0.9944164371272822
0.9,0.5,67,1,0.9813123299715055,1,346,0.9069473529174542,0.9944355612163382
0.9,0.5,68,1,0.9813386701278501,1,328,0.9071317983233693,0.9944340004462882
0.9,0.5,69,1,0.9812513115878548,1,279,0.9065645224965654,0.994431333
0.9,0.5,70,1,0.9812823662779937,1,301,0.9067597392764143,0.9944334181018015
0.9,0.5,71,1,0.981162919,1,320,0.9062159472993049,0.9943888551538811
0.9,0.5,72,1,0.9812478160082061,1,261,0.906576323,0.9944251383832144
0.9,0.5,73,1,0.9812541336985287,1,283,0.9065631876284567,0.9944348888873649
0.9,0.5,74,1,0.9812801550547421,1,316,0.9068369601625178,0.9944171894474872
0.9,0.5,75,1,0.9812106319880706,1,262,0.9062970940768729,0.9944306680900465
0.9,0.5,76,1,0.9811952409569981,1,312,0.9061940512988577,0.9944307450143168
0.9,0.5,77,1,0.9812699871281931,1,283,0.906575259,0.9944514097650499
0.9,0.5,78,1,0.9813037608108774,1,306,0.9070392229111245,0.9944092674990684
0.9,0.5,79,1,0.9812211608912598,1,283,0.906394048,0.9944259455431564
0.9,0.5,80,1,0.9812350630180761,1,262,0.9065184804149727,0.9944203423009765
0.9,0.5,81,1,0.9813320942913243,1,283,0.9070635148910516,0.994438314
0.9,0.5,82,1,0.9813562513128978,1,277,0.9073056320215949,0.9944240076584223
0.9,0.5,83,1,0.9811863517831935,1,282,0.9062280865313898,0.9944142809452766
0.9,0.5,84,1,0.9812813970328276,1,319,0.9065673297215915,0.9944662324406929
0.9,0.5,85,1,0.9812067973513234,1,340,0.9063184758295932,0.994422384
0.9,0.5,86,1,0.9812082913659348,1,280,0.9062561535649356,0.9944351392131696
0.9,0.5,87,1,0.9813059419567475,1,290,0.90677804,0.9944579246831732
0.9,0.5,88,1,0.9812457675179433,1,313,0.9064712673763412,0.9944412675429323
0.9,0.5,89,1,0.981328421,1,283,0.9070303863256055,0.9944398391056879
0.9,0.5,90,1,0.9813520343297176,1,290,0.9072328904354926,0.9944318832522285
0.9,0.5,91,1,0.9811861281911665,1,263,0.9061524944265928,0.9944273576790323
0.9,0.5,92,1,0.9812735285913031,1,320,0.9066359788745947,0.9944448608942521
0.9,0.5,93,1,0.9812573774820107,1,277,0.9066113990006454,0.9944301972140169
0.9,0.5,94,1,0.9813455400522734,1,290,0.9070387453644077,0.9944585038207207
0.9,0.5,95,1,0.9812294201673053,1,276,0.906518119,0.9944137675001639
0.9,0.5,96,1,0.9812505037202022,1,279,0.906539981,0.9944347136228505
0.9,0.5,97,1,0.981278821,1,318,0.9067207158613805,0.9944361336489129
0.9,0.5,98,1,0.9811930828176176,1,275,0.9062550616936949,0.9944174394865447
0.9,0.5,99,1,0.9812380352856199,1,262,0.9065064060140626,0.9944259698629534
0.9,0.5,100,1,0.9812618295504426,1,305,0.9067215830265873,0.9944159907017109
0.9,0.9,1,1,0.9813136168715859,1,253,0.9067472849687719,0.9944723813250238
0.9,0.9,2,1,0.981266781,1,258,0.9067114254400291,0.9944236087315514
0.9,0.9,3,1,0.9811354800939188,1,240,0.906021139,0.9943909519787963
0.9,0.9,4,1,0.9812022920276512,1,245,0.9062183821083907,0.9944347467192849
0.9,0.9,5,1,0.981249431,1,258,0.906385628,0.9944606900940767
0.9,0.9,6,1,0.9813531739951316,1,267,0.9071573125498734,0.994446561
0.9,0.9,7,1,0.9812885494840651,1,243,0.9068411663790737,0.9944263229731811
0.9,0.9,8,1,0.981228976,1,229,0.9064007359724906,0.9944339591540643
0.9,0.9,9,1,0.9812077515235198,1,219,0.9062425442100065,0.9944369057553158
0.9,0.9,10,1,0.9812858643156507,1,227,0.9067256691330221,0.9944435458184674
0.9,0.9,11,1,0.981289874,1,246,0.9068820849464625,0.9944206598962011
0.9,0.9,12,1,0.9813407880921483,1,243,0.9070207606221927,0.9944560870574343
0.9,0.9,13,1,0.9812450148974663,1,259,0.9066318713335116,0.9944120402322817
0.9,0.9,14,1,0.9813727936287929,1,252,0.9072299206470751,0.9944568300373312
0.9,0.9,15,1,0.981137925,1,228,0.9058908721293946,0.9944168172309117
0.9,0.9,16,1,0.981233097,1,219,0.9064422860424266,0.9944314757345104
0.9,0.9,17,1,0.9812761358005878,1,236,0.9067704549477289,0.9944241971275634
0.9,0.9,18,1,0.9812913404552656,1,265,0.906940941,0.9944119992629574
0.9,0.9,19,1,0.9812386756331046,1,266,0.9064732667583125,0.9944325713168912
0.9,0.9,20,1,0.9812851764211596,1,232,0.9064778067225157,0.9944864769562151
0.9,0.9,21,1,0.9813188393063386,1,273,0.9069431670188332,0.9944439579453105
0.9,0.9,22,1,0.9811773588708745,1,288,0.9062111268697098,0.9944066939299036
0.9,0.9,23,1,0.9812730155750568,1,240,0.9068257470580159,0.9944107688427697
0.9,0.9,24,1,0.9812197912279609,1,273,0.9064386411052794,0.9944164647790218
0.9,0.9,25,1,0.9812808561443841,1,262,0.906687651,0.9944443629969103
0.9,0.9,26,1,0.9812151236853585,1,222,0.906250066,0.9944442514334211
0.9,0.9,27,1,0.9812556305983973,1,272,0.9065787791122332,0.994433899
0.9,0.9,28,1,0.9812358063469632,1,256,0.9065512196586815,0.9944154392919548
0.9,0.9,29,1,0.9812734721647979,1,225,0.9067979075655914,0.9944162188587754
0.9,0.9,30,1,0.9811937344617608,1,209,0.9062184094915193,0.9944246741623911
0.9,0.9,31,1,0.9812100526215886,1,234,0.906462719,0.9944007586133723
0.9,0.9,32,1,0.9812648192262063,1,249,0.9066081581656477,0.9944395241192462
0.9,0.9,33,1,0.9812317824509446,1,266,0.9063810330473596,0.9944407382280478
0.9,0.9,34,1,0.9812683845524188,1,277,0.9067094838946204,0.9944258376096768
0.9,0.9,35,1,0.9813090807496652,1,246,0.9067209366794386,0.9944716944091168
0.9,0.9,36,1,0.9812786063299512,1,238,0.9067277192338007,0.9944346452292716
0.9,0.9,37,1,0.9812433571048317,1,300,0.9065157616384631,0.9944305798341913
0.9,0.9,38,1,0.9811752070716194,1,233,0.9061336759130814,0.9944178302172443
0.9,0.9,39,1,0.981198364,1,215,0.9060936897487488,0.9944521304055458
0.9,0.9,40,1,0.9812851170602811,1,239,0.9067387550642053,0.9944403574125298
0.9,0.9,41,1,0.9812159354973203,1,253,0.90655391,0.9943915870268587
0.9,0.9,42,1,0.9811841810284943,1,246,0.9061028672984311,0.9944338246279177
0.9,0.9,43,1,0.9812598526675955,1,226,0.9066913096076039,0.9944190073252409
0.9,0.9,44,1,0.9812666258505565,1,221,0.9066083404793552,0.9944416173866506
0.9,0.9,45,1,0.9812897018353025,1,213,0.9068112358932943,0.9944329605309513
0.9,0.9,46,1,0.9812444612087975,1,237,0.9066573124466938,0.9944068992256392
0.9,0.9,47,1,0.9812262772509036,1,260,0.9063967419496506,0.9944314893628895
0.9,0.9,48,1,0.9812226647761629,1,240,0.9063833665546074,0.9944295997564372
0.9,0.9,49,1,0.9811870390514988,1,231,0.9060627664449098,0.9944442636291323
0.9,0.9,50,1,0.9812667238475253,1,237,0.9064551495874442,0.9944687663640098
0.9,0.9,51,1,0.9813223744526584,1,267,0.9068971385439467,0.9944562396130199
0.9,0.9,52,1,0.9812687823690037,1,215,0.9067299603796909,0.9944226921318245
0.9,0.9,53,1,0.9812846440104994,1,237,0.9065694626489832,0.9944696760154732
0.9,0.9,54,1,0.9812836414003865,1,231,0.9067250258352874,0.9944410441471693
0.9,0.9,55,1,0.9811852616175153,1,259,0.9060231544063068,0.9944491628900817
0.9,0.9,56,1,0.9812908823994541,1,230,0.9067938414972457,0.9944374190292554
0.9,0.9,57,1,0.9812841737289402,1,292,0.9067269138109663,0.9944413372438771
0.9,0.9,58,1,0.9813408500923286,1,242,0.9071023033381427,0.9944417701077742
0.9,0.9,59,1,0.9813245291320829,1,242,0.9069184938586352,0.9944550059450441
0.9,0.9,60,1,0.9812826983111629,1,265,0.9068810650494395,0.9944123982985259
0.9,0.9,61,1,0.9812737022685731,1,252,0.906650924,0.9944424277713162
0.9,0.9,62,1,0.9812287180811509,1,249,0.906470086,0.994421418
0.9,0.9,63,1,0.9812386017423066,1,233,0.9064638340850797,0.9944341489759349
0.9,0.9,64,1,0.9813481687925883,1,264,0.9072130347933747,0.9944308394983314
0.9,0.9,65,1,0.9813083543549578,1,244,0.9071272654626508,0.994399135
0.9,0.9,66,1,0.9812397124728514,1,278,0.906281779,0.994467583
0.9,0.9,67,1,0.9812506116615738,1,254,0.9065331124994972,0.9944360526901767
0.9,0.9,68,1,0.981356915,1,229,0.9072248175099369,0.9944390503357092
0.9,0.9,69,1,0.9812467987046156,1,231,0.9066356082626306,0.994413479
0.9,0.9,70,1,0.9812243091435854,1,272,0.9064041624574298,0.9944278644411416
0.9,0.9,71,1,0.9813008996999131,1,276,0.9068652724911055,0.9944365986191144
0.9,0.9,72,1,0.9811780964358361,1,235,0.9061388180207429,0.9944203220384996
0.9,0.9,73,1,0.9813114378544314,1,264,0.9067722624976459,0.9944654099762174
0.9,0.9,74,1,0.9812605830875418,1,217,0.9065298645920814,0.9944483569396818
0.9,0.9,75,1,0.9812828973611573,1,239,0.9066599901134221,0.9944516456989929
0.9,0.9,76,1,0.9812154022628821,1,213,0.9064049060636131,0.9944172545333413
0.9,0.9,77,1,0.9812164820137801,1,249,0.9063883329511025,0.9944214494954291
0.9,0.9,78,1,0.9811839085272815,1,301,0.9060579280911285,0.9944414344866027
0.9,0.9,79,1,0.9812635796080943,1,219,0.9065955302331349,0.9944402942036745
0.9,0.9,80,1,0.9812922169195529,1,230,0.9066607335827742,0.9944624786848665
0.9,0.9,81,1,0.98131072,1,248,0.9070899279555721,0.9944085066386118
0.9,0.9,82,1,0.9812131391158863,1,278,0.9063408147810732,0.9944259022337947
0.9,0.9,83,1,0.9812637441333226,1,213,0.9067079486317289,0.9944206492218398
0.9,0.9,84,1,0.981214356,1,213,0.9063277276252891,0.994429644
0.9,0.9,85,1,0.9812590004828867,1,223,0.9065122919456968,0.9944495961070974
0.9,0.9,86,1,0.9811847113035971,1,244,0.9061615370924601,0.994424095
0.9,0.9,87,1,0.9811939207744996,1,239,0.9061097787429578,0.9944440634859482
0.9,0.9,88,1,0.9813031001778059,1,230,0.9069333589815646,0.9944271721536124
0.9,0.9,89,1,0.9813254827559911,1,245,0.9069888623236866,0.9944437098911034
0.9,0.9,90,1,0.9812721097439533,1,275,0.9065288223104017,0.9944621016439917
0.9,0.9,91,1,0.9812472878433806,1,236,0.9065924027047574,0.9944216793384307
0.9,0.9,92,1,0.9811997636109122,1,234,0.9062185861565757,0.9944317361028541
0.9,0.9,93,1,0.9813260363860664,1,258,0.9070621950657316,0.9944314201484791
0.9,0.9,94,1,0.9812979116913356,1,265,0.9069793497670814,0.9944129520309096
0.9,0.9,95,1,0.9813385330681035,1,258,0.9068955200274981,0.9944755353693872
0.9,0.9,96,1,0.9812931481996974,1,240,0.9069271159260495,0.9944165656597533
0.9,0.9,97,1,0.981250946,1,279,0.906469665,0.9944476422374747
0.9,0.9,98,1,0.9812848169227425,1,239,0.906713865,0.9944443966223641
0.9,0.9,99,1,0.9813001420997893,1,255,0.9068460246889981,0.994439104
0.9,0.9,100,1,0.9812275868405683,1,251,0.9064258936689931,0.9944278856355522
0.15,0.85,1,1,0.7625682541406568,1.0,45,0.1699881424198252,0.8671412150325684
0.15,0.85,2,1,0.7636152973788864,1.0,60,0.16777161088031978,0.8687641832315748
0.15,0.85,3,1,0.763013544367228,1.0,41,0.167261811592802,0.8681462030921272
0.15,0.85,4,1,0.7638048998095079,1.0,77,0.16732778962022646,0.8690655663134986
0.15,0.85,5,1,0.7626644777194761,1.0,63,0.16491079773449432,0.8681504212462376
0.15,0.85,6,1,0.7639086705815729,1.0,59,0.17026540824625325,0.8686692462878055
0.15,0.85,7,1,0.7634235016501991,1.0,63,0.1703554811793573,0.8680825640862302
0.15,0.85,8,1,0.7639984032330952,1.0,56,0.17275575376284308,0.8683353413749049
0.15,0.85,9,1,0.7636487189163584,1.0,56,0.16849441132731793,0.8686759496673662
0.15,0.85,10,1,0.765777580773464,1.0,54,0.17249512847209422,0.8704744841207651
0.15,0.85,11,1,0.7623133264846405,1.0,44,0.1675932304348218,0.8672639316699033
0.15,0.85,12,1,0.7632043704691078,1.0,56,0.1726240157445007,0.8674244330675677
0.15,0.85,13,1,0.7633231814335029,1.0,57,0.16880761563476143,0.8682376930450464
0.15,0.85,14,1,0.7635419061828012,1.0,48,0.16922004199751697,0.868422235156675
0.15,0.85,15,1,0.7627422654933389,1.0,51,0.1699905143011668,0.8673455157037225
0.15,0.85,16,1,0.7628518350277016,1.0,77,0.1673542526745098,0.8679396436782639
0.15,0.85,17,1,0.7637807436591632,1.0,54,0.16854391863879067,0.8688225363098175
0.15,0.85,18,1,0.7630722293978275,1.0,53,0.16921984325429607,0.8678697093055101
0.15,0.85,19,1,0.7645382828757421,1.0,68,0.1691435262755344,0.8696079458051909
0.15,0.85,20,1,0.7641964198135988,1.0,45,0.1701411599711548,0.8690297009622655
0.15,0.85,21,1,0.762962409834179,1.0,53,0.1721008781145682,0.8672320919023454
0.15,0.85,22,1,0.7643609045693146,1.0,50,0.16821186818527362,0.8695636756959098
0.15,0.85,23,1,0.7641634492277478,1.0,76,0.16824104412028107,0.8693262265996539
0.15,0.85,24,1,0.7629157823041774,1.0,48,0.16772353867495118,0.8679497076505117
0.15,0.85,25,1,0.763000845980264,1.0,57,0.17287286728609733,0.8671410775145287
0.15,0.85,26,1,0.7633786737158077,1.0,51,0.1724824072043294,0.8676544854531275
0.15,0.85,27,1,0.7642540137536293,1.0,79,0.16795085690927297,0.8694839826085159
0.15,0.85,28,1,0.7626150805476943,1.0,61,0.16870746281062998,0.867422307207177
0.15,0.85,29,1,0.7643694160380117,1.0,52,0.16884562897923366,0.869461849048384
0.15,0.85,30,1,0.7647736113256003,1.0,52,0.16494874599460865,0.8706250581487173
0.15,0.85,31,1,0.7625904014191761,1.0,50,0.16945654251787187,0.8672610824017594
0.15,0.85,32,1,0.7638201679170582,1.0,60,0.16742493498827016,0.869066385492727
0.15,0.85,33,1,0.7627034149530125,1.0,44,0.1671071809690231,0.8678086327148926
0.15,0.85,34,1,0.7636863558638365,1.0,79,0.16877051611360494,0.8686715040550537
0.15,0.85,35,1,0.7614715666540469,1.0,56,0.16945891511434116,0.8659443875139953
0.15,0.85,36,1,0.7630795901172897,1.0,72,0.1703413403660261,0.8676804577204543
0.15,0.85,37,1,0.7628489494773487,1.0,53,0.17072378886490416,0.8673416248795446
0.15,0.85,38,1,0.763535024397266,1.0,52,0.16723882844619367,0.8687637648592207
0.15,0.85,39,1,0.7636584030086567,1.0,53,0.16820997065676882,0.8687375381295784
0.15,0.85,40,1,0.7641381511705844,1.0,56,0.16735891508725986,0.8694521340088185
0.15,0.85,41,1,0.7629527716939758,1.0,53,0.16718951235329024,0.868087464518803
0.15,0.85,42,1,0.7630699160948011,1.0,48,0.16512437084351694,0.8685897181979694
0.15,0.85,43,1,0.7631145558327226,1.0,53,0.16893711418977492,0.867969398475596
0.15,0.85,44,1,0.7642626756165696,1.0,65,0.1660150884990855,0.8698357792255377
0.15,0.85,45,1,0.7639481684269267,1.0,56,0.1704461074137113,0.8686838262527888
0.15,0.85,46,1,0.7637410163935591,1.0,47,0.16900656623165966,0.8686941546574244
0.15,0.85,47,1,0.7638265381566827,1.0,62,0.17053815806757855,0.868524487584172
0.15,0.85,48,1,0.7637517301331445,1.0,47,0.1690392608225406,0.8687009894232507
0.15,0.85,49,1,0.7636912513693266,1.0,55,0.16787782435145873,0.8688347973136564
0.15,0.85,50,1,0.7639096267619474,1.0,57,0.1634370983650455,0.869875367067283
0.15,0.85,51,1,0.7641446949168811,1.0,59,0.1685210568740362,0.8692547486891484
0.15,0.85,52,1,0.7633783360545447,1.0,49,0.16853622489640338,0.8683504733177466
0.15,0.85,53,1,0.763297581542436,1.0,60,0.17162426669310535,0.8677105194570245
0.15,0.85,54,1,0.7645618346515516,1.0,52,0.16857709056015005,0.8697356130206223
0.15,0.85,55,1,0.7646341602128591,1.0,62,0.1639392731045597,0.8706391402907951
0.15,0.85,56,1,0.7625479611383026,1.0,50,0.16954906016311047,0.8671948260162777
0.15,0.85,57,1,0.7640699267102277,1.0,69,0.17004814569725038,0.8688972998301647
0.15,0.85,58,1,0.7636787947290288,1.0,64,0.17101904428511885,0.8682658095132483
0.15,0.85,59,1,0.7647809016855245,1.0,61,0.16734945391519432,0.8702099807038184
0.15,0.85,60,1,0.7634380926128242,1.0,54,0.16873052452957962,0.8683864869804557
0.15,0.85,61,1,0.7626290957380389,1.0,42,0.16900925683342122,0.8673855378976776
0.15,0.85,62,1,0.7648718300090055,1.0,57,0.16587259927127182,0.8705775766097823
0.15,0.85,63,1,0.7641856706082011,1.0,72,0.16482378615778379,0.8699554149229801
0.15,0.85,64,1,0.7634267452776308,1.0,52,0.16775844528645223,0.8685446805701916
0.15,0.85,65,1,0.7642903630381467,1.0,63,0.16563009807766743,0.8699362921488194
0.15,0.85,66,1,0.7624487163714576,1.0,46,0.16822613696290317,0.8673115245023796
0.15,0.85,67,1,0.7654958882662489,1.0,67,0.16759378894290083,0.8710080234409577
0.15,0.85,68,1,0.7652340519665637,1.0,80,0.1651353668769303,0.8711338199235584
0.15,0.85,69,1,0.7649233612391995,1.0,55,0.168333016593484,0.8702040102943255
0.15,0.85,70,1,0.7629066335698683,1.0,52,0.1663034270758723,0.868189552362927
0.15,0.85,71,1,0.7636753076520664,1.0,63,0.16814884887114953,0.8687682121428165
0.15,0.85,72,1,0.7623111417502245,1.0,51,0.17017616506593303,0.8668055494003941
0.15,0.85,73,1,0.7642061885365026,1.0,47,0.16782874466301256,0.8694492668671185
0.15,0.85,74,1,0.7632584363438473,1.0,70,0.17059251311804138,0.8678465404425195
0.15,0.85,75,1,0.7639121192562475,1.0,48,0.167819260866277,0.8691049766191837
0.15,0.85,76,1,0.7623402437390744,1.0,65,0.16880591834500927,0.8670815952792043
0.15,0.85,77,1,0.7628206524334952,1.0,45,0.1687924355635463,0.8676491612928983
0.15,0.85,78,1,0.7650981452492506,1.0,63,0.1672466507533241,0.8706013501602966
0.15,0.85,79,1,0.7648876253542947,1.0,69,0.16891304688954578,0.87005960978925
0.15,0.85,80,1,0.7644439844602567,1.0,74,0.16692734552016342,0.8698880972143911
0.15,0.85,81,1,0.7625094954453554,1.0,41,0.16942749438104365,0.8671710250449395
0.15,0.85,82,1,0.76311541297692,1.0,51,0.16840114991459262,0.8680649888114479
0.15,0.85,83,1,0.7636177665305803,1.0,66,0.1655975137503458,0.8691507523153272
0.15,0.85,84,1,0.7633082101405392,1.0,56,0.17521587485246823,0.8670892104854934
0.15,0.85,85,1,0.7628232103149818,1.0,51,0.16482184016333135,0.8683528638711548
0.15,0.85,86,1,0.7626963137771555,1.0,52,0.16927705608412447,0.8674173592523969
0.15,0.85,87,1,0.7634485082531215,1.0,65,0.17062334062405793,0.8680647143053101
0.15,0.85,88,1,0.763291180055533,1.0,54,0.16625587659244098,0.8686503512549025
0.15,0.85,89,1,0.7635012267292779,1.0,57,0.16928989891943383,0.8683620492839558
0.15,0.85,90,1,0.7622966733594547,1.0,50,0.16558112689638255,0.8675994168529383
0.15,0.85,91,1,0.7634078605069904,1.0,54,0.16674469558911928,0.8687013601983796
0.15,0.85,92,1,0.7634652732485196,1.0,75,0.16892969011210762,0.8683833173314163
0.15,0.85,93,1,0.7634799154692663,1.0,56,0.16816127998833633,0.8685361452600194
0.15,0.85,94,1,0.7638776963989634,1.0,64,0.1701073381005542,0.8686607008045654
0.15,0.85,95,1,0.7647084983125956,1.0,73,0.17032691553834142,0.8695993658609933
0.15,0.85,96,1,0.7629595841572157,1.0,40,0.1724759714561378,0.8671625746338761
0.15,0.85,97,1,0.7640819009955734,1.0,59,0.16869407424207172,0.8691503410108973
0.15,0.85,98,1,0.7640206170449098,1.0,49,0.1719681492767499,0.8685004642981139
0.15,0.85,99,1,0.7630476712654114,1.0,51,0.17147481624941757,0.8674428809741159
0.15,0.85,100,1,0.7625950891964055,1.0,41,0.17300674548816525,0.8666400910272711
0.15,0.9,1,1,0.800828656601485,1.0,33,0.21886466557315132,0.9035281844300153
0.15,0.9,2,1,0.8014476034559314,1.0,26,0.22447692084406545,0.9032659592109666
0.15,0.9,3,1,0.8020681269852932,1.0,23,0.228555107204389,0.9032763069466294
0.15,0.9,4,1,0.8020894914756608,1.0,25,0.22901303834759063,0.903220630262968
0.15,0.9,5,1,0.801232078236305,1.0,29,0.22127476331116683,0.903577486752506
0.15,0.9,6,1,0.8018727638141427,1.0,24,0.2265297587684979,0.9034038823516097
0.15,0.9,7,1,0.8022568267155614,1.0,27,0.22875744138968146,0.9034626005965991
0.15,0.9,8,1,0.8013509499117426,1.0,36,0.2222084356759504,0.9035525700710003
0.15,0.9,9,1,0.8010589025047914,1.0,24,0.22118797351039968,0.9033890664449781
0.15,0.9,10,1,0.8017972131315623,1.0,32,0.22451837513629527,0.9036699492483742
0.15,0.9,11,1,0.8007331057332808,1.0,23,0.2183697989477455,0.9035031010483758
0.15,0.9,12,1,0.8017998878171854,1.0,26,0.22547145189645823,0.9035049059208434
0.15,0.9,13,1,0.8015071047794233,1.0,25,0.22541734568012245,0.9031700034440058
0.15,0.9,14,1,0.8009207813182468,1.0,46,0.2182440997709402,0.9037460780618899
0.15,0.9,15,1,0.8017587363742367,1.0,22,0.226368666919797,0.9032981603956087
0.15,0.9,16,1,0.8012785530802207,1.0,26,0.22285904151564565,0.9033525845327929
0.15,0.9,17,1,0.8016065986810035,1.0,25,0.2244027439401573,0.9034661024588001
0.15,0.9,18,1,0.8021979476273895,1.0,24,0.22816830030026877,0.9034972971557044
0.15,0.9,19,1,0.8018504625679889,1.0,24,0.22623014094534763,0.9034305193249256
0.15,0.9,20,1,0.8007743287037714,1.0,36,0.21697654975978328,0.9037974661644752
0.15,0.9,21,1,0.8003411147838558,1.0,25,0.21520864938525786,0.9035997851483141
0.15,0.9,22,1,0.8009654611051468,1.0,42,0.21807423597625805,0.9038286184808335
0.15,0.9,23,1,0.8018514229366772,1.0,26,0.22709122390662748,0.903279693353745
0.15,0.9,24,1,0.8022947210322374,1.0,24,0.23129175711739666,0.9030599499583857
0.15,0.9,25,1,0.801785630491971,1.0,26,0.22477850841422609,0.9036104167409847
0.15,0.9,26,1,0.8013101732927804,1.0,24,0.22166173947243953,0.9036010733787229
0.15,0.9,27,1,0.8029708777370155,1.0,24,0.23426582349578978,0.9033305931913492
0.15,0.9,28,1,0.8014298180829664,1.0,30,0.22180566548580544,0.9037164332471715
0.15,0.9,29,1,0.8015204247422814,1.0,26,0.22375893088012325,0.9034783354238385
0.15,0.9,30,1,0.8020048587435054,1.0,25,0.2262270990038087,0.9036126986975694
0.15,0.9,31,1,0.8014615269672205,1.0,30,0.22331144829906235,0.9034880114380718
0.15,0.9,32,1,0.8009330423613524,1.0,24,0.2208124252792861,0.9033072689052466
0.15,0.9,33,1,0.8013924916667687,1.0,28,0.2221958216406968,0.9036036687301926
0.15,0.9,34,1,0.8010356824193673,1.0,23,0.22171512912778102,0.9032687212355293
0.15,0.9,35,1,0.8013082786839772,1.0,26,0.2234340813442862,0.9032860782145112
0.15,0.9,36,1,0.8016466529222729,1.0,27,0.22331630881550799,0.903704948941113
0.15,0.9,37,1,0.8015751532627152,1.0,27,0.22420189246930372,0.9034645522262585
0.15,0.9,38,1,0.8016862788820637,1.0,26,0.22449596928562243,0.903543392340259
0.15,0.9,39,1,0.801567635255033,1.0,24,0.2254296023904622,0.903239052819369
0.15,0.9,40,1,0.8014666934211978,1.0,25,0.22467497125846228,0.9032534679205041
0.15,0.9,41,1,0.8019037590986537,1.0,24,0.22757987843226868,0.9032550321574279
0.15,0.9,42,1,0.8018865533429478,1.0,23,0.22797883039198966,0.9031643868048814
0.15,0.9,43,1,0.8011736011925394,1.0,24,0.22218013580419607,0.9033489186140115
0.15,0.9,44,1,0.8028361396041134,1.0,33,0.23142335732910047,0.9036736894173514
0.15,0.9,45,1,0.8013988744893751,1.0,26,0.22465972982108198,0.9031763706073089
0.15,0.9,46,1,0.8021092194175032,1.0,22,0.2292891420742573,0.9031951154192515
0.15,0.9,47,1,0.8008890786487617,1.0,25,0.2199352821269695,0.9034103368584897
0.15,0.9,48,1,0.8022991202868068,1.0,38,0.22923885233075653,0.9034274028672862
0.15,0.9,49,1,0.8020000588772482,1.0,24,0.22803596530463177,0.9032878400959448
0.15,0.9,50,1,0.8018668285206724,1.0,28,0.22502325127743802,0.9036627539165376
0.15,0.9,51,1,0.8019909799801388,1.0,35,0.22660596775003086,0.9035295115501576
0.15,0.9,52,1,0.8020328665813912,1.0,23,0.2276330251841749,0.9033975444750176
0.15,0.9,53,1,0.800864710203832,1.0,39,0.21961622882318224,0.9034379716239472
0.15,0.9,54,1,0.8013709773362255,1.0,25,0.22303880290097286,0.9034295963542116
0.15,0.9,55,1,0.801762297886344,1.0,25,0.22615843531383664,0.9033394501050219
0.15,0.9,56,1,0.802438313887755,1.0,26,0.23012894243891252,0.903434085319904
0.15,0.9,57,1,0.801574379500699,1.0,29,0.22467625648582457,0.9033799306209712
0.15,0.9,58,1,0.8015912969138898,1.0,22,0.22531718406644088,0.9032867285928514
0.15,0.9,59,1,0.8020940208462399,1.0,29,0.22864151287853873,0.903291522252305
0.15,0.9,60,1,0.8016794111232844,1.0,24,0.2235353935899184,0.9037048259821138
0.15,0.9,61,1,0.8012257767368872,1.0,25,0.22053138120068572,0.9037012583020998
0.15,0.9,62,1,0.8010720205394695,1.0,22,0.2220400194418258,0.9032541383802305
0.15,0.9,63,1,0.8016968965507809,1.0,24,0.22532634935201543,0.9034093460564458
0.15,0.9,64,1,0.8009902678720365,1.0,26,0.21983473258809075,0.9035471270397917
0.15,0.9,65,1,0.802213716130098,1.0,42,0.2266518230878044,0.9037834619610913
0.15,0.9,66,1,0.8016544031549615,1.0,24,0.22534925944764653,0.9033553108680173
0.15,0.9,67,1,0.8018053585645079,1.0,22,0.22655570402316547,0.9033200034835676
0.15,0.9,68,1,0.8011501209574224,1.0,28,0.22055950551721254,0.9036072883880483
0.15,0.9,69,1,0.8021536872254045,1.0,27,0.2278912141969547,0.9034941236421893
0.15,0.9,70,1,0.8012671646335998,1.0,34,0.22192913896469638,0.9035032868104653
0.15,0.9,71,1,0.8013879886163487,1.0,23,0.22234165295098024,0.903572636086708
0.15,0.9,72,1,0.8017414719993453,1.0,25,0.22497415647440003,0.9035239394449237
0.15,0.9,73,1,0.8014085626198835,1.0,37,0.22263206428199367,0.9035455917383346
0.15,0.9,74,1,0.801774407445279,1.0,24,0.2259601216253293,0.9033886931782115
0.15,0.9,75,1,0.8014518706199957,1.0,25,0.22269246392820732,0.9035858835656055
0.15,0.9,76,1,0.8019924444648439,1.0,26,0.22730617247023555,0.9034076689344805
0.15,0.9,77,1,0.8011264752505273,1.0,24,0.2210015793925946,0.9035014568725156
0.15,0.9,78,1,0.8013667701658683,1.0,26,0.22440744226507944,0.9031831221483605
0.15,0.9,79,1,0.8013601942160165,1.0,28,0.22378956536465894,0.9032844228368443
0.15,0.9,80,1,0.8018242720654192,1.0,26,0.22610310551920818,0.9034221249853386
0.15,0.9,81,1,0.8019937425845127,1.0,23,0.22790857102719375,0.9033028905063921
0.15,0.9,82,1,0.8014069091816766,1.0,23,0.22416787969371274,0.9032726202677877
0.15,0.9,83,1,0.80197505834966,1.0,29,0.22711638727373887,0.9034207061865874
0.15,0.9,84,1,0.8017553992631331,1.0,25,0.22583356003268756,0.9033886650096817
0.15,0.9,85,1,0.8021564859228208,1.0,21,0.22736827764183085,0.9035896991488781
0.15,0.9,86,1,0.8015882267073197,1.0,36,0.2247500837057739,0.9033831931193579
0.15,0.9,87,1,0.8016203058841755,1.0,26,0.22550990035045682,0.9032868480371851
0.15,0.9,88,1,0.8021488226880111,1.0,23,0.2282752067617926,0.9034206372632265
0.15,0.9,89,1,0.8017388588789578,1.0,27,0.2257788595644026,0.9033788587579976
0.15,0.9,90,1,0.801883711950499,1.0,26,0.22600791496732825,0.9035088525945878
0.15,0.9,91,1,0.8012984175717641,1.0,24,0.22310839712124364,0.9033319505924448
0.15,0.9,92,1,0.8016330101880121,1.0,23,0.22506162226473128,0.9033809021744736
0.15,0.9,93,1,0.8008712234497625,1.0,34,0.21823113227891539,0.9036900630681478
0.15,0.9,94,1,0.8015853000803802,1.0,25,0.2263118942602342,0.9031041364015823
0.15,0.9,95,1,0.8014827565505185,1.0,24,0.222775904363427,0.9036074951717705
0.15,0.9,96,1,0.8018611223704101,1.0,32,0.2256081711949275,0.9035528196366713
0.15,0.9,97,1,0.8012318477459235,1.0,28,0.22161613434496247,0.9035169736402102
0.15,0.9,98,1,0.8024641890825898,1.0,47,0.22894138372325135,0.9036740959107088
0.15,0.9,99,1,0.8013058359711848,1.0,28,0.22010431591708474,0.903870810098379
0.15,0.9,100,1,0.8011737057284609,1.0,24,0.22187551629672866,0.90340279798112
0.2,0.85,1,1,0.7883821663769054,1.0,87,0.20145911575597472,0.8919568223688321
0.2,0.85,2,1,0.7873944823345329,1.0,73,0.2014803185319991,0.890791099476154
0.2,0.85,3,1,0.7839246596129433,1.0,75,0.20308799555485965,0.8864252473878979
0.2,0.85,4,1,0.7873355552389725,1.0,73,0.20140000592021348,0.8907359462952215
0.2,0.85,5,1,0.7879568695732005,1.0,68,0.20079028672124957,0.8915745018411897
0.2,0.85,6,1,0.7895706882960111,1.0,86,0.20056718893658035,0.893512482300615
0.2,0.85,7,1,0.7850975434664017,1.0,69,0.20154085993278695,0.8880781346782147
0.2,0.85,8,1,0.7877935545181415,1.0,81,0.20134402453329672,0.8912846480448771
0.2,0.85,9,1,0.7870928361542101,1.0,70,0.20100887387171484,0.8905194177334728
0.2,0.85,10,1,0.7894745364557175,1.0,78,0.20179436887501695,0.8931828013228975
0.2,0.85,11,1,0.7900872817794279,1.0,83,0.20052860897150865,0.8941270475690591
0.2,0.85,12,1,0.7866647770539769,1.0,64,0.20125774778176048,0.8899718998667189
0.2,0.85,13,1,0.7869552687702396,1.0,72,0.20187883418663632,0.890204051343815
0.2,0.85,14,1,0.7852637508620103,1.0,68,0.20232020405067783,0.8881361414757722
0.2,0.85,15,1,0.7850434429619106,1.0,67,0.2021360132039941,0.8879094599780117
0.2,0.85,16,1,0.7878919648225163,1.0,72,0.20099203725315032,0.8914625402759324
0.2,0.85,17,1,0.7879733776124139,1.0,82,0.2008687456090538,0.8915800773777113
0.2,0.85,18,1,0.785894382604879,1.0,78,0.20153150286468174,0.8890172437354997
0.2,0.85,19,1,0.7880249907006291,1.0,82,0.20102228819562187,0.8916137029073935
0.2,0.85,20,1,0.7877026145984581,1.0,85,0.202401388742278,0.8909910662201357
0.2,0.85,21,1,0.7853315168334306,1.0,72,0.20261891385481942,0.8881631526531835
0.2,0.85,22,1,0.786943200427879,1.0,73,0.2011075696986076,0.8903259587918659
0.2,0.85,23,1,0.7865925487055806,1.0,74,0.20165258596440047,0.8898172480128461
0.2,0.85,24,1,0.7870603191875207,1.0,86,0.2013598217360399,0.8904192305024863
0.2,0.85,25,1,0.7878916008143575,1.0,72,0.20176473899958303,0.8913257528993154
0.2,0.85,26,1,0.7884239653413354,1.0,80,0.20114272049601103,0.8920618320787437
0.2,0.85,27,1,0.7907641856596023,1.0,78,0.20059306598986543,0.8949120303072003
0.2,0.85,28,1,0.7890131176323195,1.0,86,0.20062794984874185,0.892845794300008
0.2,0.85,29,1,0.7869062706533598,1.0,75,0.20215870443269032,0.8900970176334764
0.2,0.85,30,1,0.7862278048697707,1.0,80,0.2016413107529078,0.8893901273609796
0.2,0.85,31,1,0.786403735393863,1.0,82,0.20175177098272007,0.8895776114664165
0.2,0.85,32,1,0.7882144888019588,1.0,85,0.20126675857077417,0.8917935000192252
0.2,0.85,33,1,0.7884140114901319,1.0,70,0.20122110117882158,0.8920362897803613
0.2,0.85,34,1,0.7868848967895825,1.0,88,0.20136051719768916,0.8902127284822673
0.2,0.85,35,1,0.784880141573796,1.0,72,0.20243510845834603,0.8876645591824042
0.2,0.85,36,1,0.7891082486803683,1.0,73,0.2011663423215851,0.8928627027436808
0.2,0.85,37,1,0.7877531240746594,1.0,78,0.20117154954717967,0.8912675195795065
0.2,0.85,38,1,0.7870549529977372,1.0,82,0.20220267576241913,0.8902641783922036
0.2,0.85,39,1,0.7865608058964383,1.0,79,0.20157673507513646,0.8897932889825487
0.2,0.85,40,1,0.7867855668819531,1.0,74,0.20157922724157215,0.8900572738773123
0.2,0.85,41,1,0.7875096034291262,1.0,84,0.2013374692825893,0.8909517447491018
0.2,0.85,42,1,0.7873423864169099,1.0,95,0.20199509021933557,0.8906389680988329
0.2,0.85,43,1,0.7873966244188035,1.0,76,0.20180665061219458,0.8907360315611436
0.2,0.85,44,1,0.7878150526885579,1.0,77,0.20170212503873658,0.8912467458032306
0.2,0.85,45,1,0.7882565910908778,1.0,70,0.2009603710212278,0.8918971005149321
0.2,0.85,46,1,0.7867139534473536,1.0,61,0.2023597607961978,0.8898352815622622
0.2,0.85,47,1,0.7890051487372998,1.0,78,0.20085465143865452,0.8927964129664697
0.2,0.85,48,1,0.7858926674060477,1.0,68,0.20150656053447266,0.8890196274422059
0.2,0.85,49,1,0.7870012148323542,1.0,69,0.2011692249606489,0.8903833306920657
0.2,0.85,50,1,0.7869954489500638,1.0,84,0.2016582593718242,0.8902902471109281
0.2,0.85,51,1,0.7862445559652073,1.0,73,0.20201721635439837,0.8893434982494657
0.2,0.85,52,1,0.7881974714013176,1.0,81,0.2012236436985395,0.8917810880547474
0.2,0.85,53,1,0.787733938352773,1.0,82,0.20187836204122345,0.8911202165253985
0.2,0.85,54,1,0.7874624712623333,1.0,98,0.2011284598730031,0.8909331791545666
0.2,0.85,55,1,0.7819393324163573,1.0,72,0.20279431919104007,0.8841413935737648
0.2,0.85,56,1,0.7832676998295313,1.0,82,0.20235396430202238,0.8857818884520315
0.2,0.85,57,1,0.7869001626728898,1.0,72,0.20142867270380366,0.8902186609027269
0.2,0.85,58,1,0.7890452207406685,1.0,84,0.20103208179240226,0.8928122452609494
0.2,0.85,59,1,0.7915920525108044,1.0,74,0.20024076859458045,0.8959481614371947
0.2,0.85,60,1,0.787690895199406,1.0,77,0.2013310172791778,0.8911661677735627
0.2,0.85,61,1,0.7867779945206335,1.0,82,0.20183389887728234,0.8900034231635766
0.2,0.85,62,1,0.7872634775691988,1.0,78,0.2021514518422441,0.8905185409327766
0.2,0.85,63,1,0.7844876982642953,1.0,94,0.20154986537878095,0.887359080538208
0.2,0.85,64,1,0.789321345822442,1.0,84,0.20109005343067024,0.8931268680092238
0.2,0.85,65,1,0.7861431167499252,1.0,63,0.20131175549726,0.8893486510886296
0.2,0.85,66,1,0.785120469423057,1.0,70,0.20223450455485542,0.8879826985174439
0.2,0.85,67,1,0.7885555467199782,1.0,80,0.20096230279333752,0.8922484721187953
0.2,0.85,68,1,0.7877605126280475,1.0,95,0.2017996402300636,0.8911653724629839
0.2,0.85,69,1,0.7853833059237872,1.0,71,0.20115067565209654,0.8884831818540837
0.2,0.85,70,1,0.7886367570397137,1.0,79,0.2017743245079256,0.8922007157217925
0.2,0.85,71,1,0.7888637773541917,1.0,85,0.20105844589773844,0.8925941299641534
0.2,0.85,72,1,0.7890978982683149,1.0,69,0.20102344245458834,0.8928757434119124
0.2,0.85,73,1,0.7888436250819414,1.0,75,0.20170758093530325,0.8924558681666404
0.2,0.85,74,1,0.7888289360721608,1.0,81,0.20121493769471752,0.89252552402112
0.2,0.85,75,1,0.7872519903942713,1.0,87,0.2014152905049587,0.89063493743356
0.2,0.85,76,1,0.7893377912837118,1.0,74,0.20137708471201787,0.8930955630316559
0.2,0.85,77,1,0.7866068837246987,1.0,79,0.201873607119357,0.8897951090079927
0.2,0.85,78,1,0.7861528863027121,1.0,76,0.20136336650898218,0.8893510368545439
0.2,0.85,79,1,0.7879626000364184,1.0,81,0.20111518782188592,0.8915239080742755
0.2,0.85,80,1,0.7882865678591885,1.0,69,0.20087461770944917,0.8919475002385527
0.2,0.85,81,1,0.7854179419689972,1.0,75,0.2021036817137085,0.8883557526022814
0.2,0.85,82,1,0.7877241497415219,1.0,85,0.2008361836196988,0.8912926143512546
0.2,0.85,83,1,0.7884844726562601,1.0,71,0.2011341431501768,0.8921345308043902
0.2,0.85,84,1,0.7849457600600802,1.0,65,0.20253421016934703,0.887724268864325
0.2,0.85,85,1,0.786749876182333,1.0,75,0.20197194645351008,0.8899459814285944
0.2,0.85,86,1,0.7863759516126363,1.0,76,0.20175663641718306,0.8895440660588905
0.2,0.85,87,1,0.7873445741877538,1.0,83,0.20211265921848034,0.890620794476448
0.2,0.85,88,1,0.7882117167832651,1.0,66,0.20139757110811526,0.8917671542553492
0.2,0.85,89,1,0.7884758345419115,1.0,92,0.20106006333820547,0.8921374412249178
0.2,0.85,90,1,0.7864259960801473,1.0,73,0.20348864110652742,0.8892972940166662
0.2,0.85,91,1,0.7876947494611066,1.0,86,0.20177860147534793,0.8910917167527092
0.2,0.85,92,1,0.78631135781704,1.0,77,0.20170739149111921,0.8894767636392592
0.2,0.85,93,1,0.7876183578102571,1.0,81,0.20132145779556282,0.8910825166363783
0.2,0.85,94,1,0.7887492019688829,1.0,72,0.20131201915843971,0.8924145871707234
0.2,0.85,95,1,0.7879012532462759,1.0,79,0.2011287756802017,0.8914493375226403
0.2,0.85,96,1,0.7924486300181379,1.0,100,0.2007708160608211,0.896862361892957
0.2,0.85,97,1,0.7873890546583282,1.0,76,0.20107736290601233,0.8908558237910873
0.2,0.85,98,1,0.7891270397091805,1.0,77,0.2009783402052524,0.8929179866804602
0.2,0.85,99,1,0.787749333461215,1.0,71,0.2014254829117809,0.8912182482640548
0.2,0.85,100,1,0.7853134820548084,1.0,70,0.2019145918733315,0.8882662273809506
0.2,0.9,1,1,0.8057931815356194,1.0,46,0.23214765835352344,0.907024744450107
0.2,0.9,2,1,0.8054439674876495,1.0,37,0.23529139096065085,0.9060591280512375
0.2,0.9,3,1,0.806039336159624,1.0,47,0.22995219822629503,0.907701772265505
0.2,0.9,4,1,0.8052519491825482,1.0,38,0.22836802728044134,0.9070549942240959
0.2,0.9,5,1,0.8061285489345326,1.0,36,0.2362233180885264,0.9067000602602978
0.2,0.9,6,1,0.8054805890772165,1.0,41,0.23186646401250072,0.9067066111474603
0.2,0.9,7,1,0.8052915867567516,1.0,40,0.231290466255675,0.9065859021392941
0.2,0.9,8,1,0.8055692738861352,1.0,35,0.23142413726016509,0.9068890038789522
0.2,0.9,9,1,0.8058596112675787,1.0,45,0.2283739043229778,0.907768853669567
0.2,0.9,10,1,0.8059247262650543,1.0,43,0.2299278167074366,0.9075712397163983
0.2,0.9,11,1,0.8055145939187296,1.0,37,0.2306027502609027,0.9069696251524639
0.2,0.9,12,1,0.804890630896782,1.0,30,0.23372980628566503,0.905683717592861
0.2,0.9,13,1,0.805006255047857,1.0,44,0.22548747476317255,0.9072742750980951
0.2,0.9,14,1,0.8053555325991147,1.0,48,0.22885019716729582,0.9070917682635531
0.2,0.9,15,1,0.8056660284687132,1.0,48,0.23013015888227314,0.9072311819251433
0.2,0.9,16,1,0.805907507639558,1.0,53,0.23200547196458493,0.9071843374645535
0.2,0.9,17,1,0.8054336923959057,1.0,46,0.23177008965645177,0.9066684458205148
0.2,0.9,18,1,0.8051861075264481,1.0,39,0.2273112266050872,0.9071640276890417
0.2,0.9,19,1,0.8049368800314349,1.0,53,0.22942912475858643,0.9064970721384079
0.2,0.9,20,1,0.8056168073104113,1.0,34,0.22966105159694739,0.9072560583186695
0.2,0.9,21,1,0.8059596643761736,1.0,45,0.2319601082633389,0.9072537036902023
0.2,0.9,22,1,0.8059249858320987,1.0,44,0.22762063373942668,0.9079786950249219
0.2,0.9,23,1,0.8058438049173622,1.0,38,0.22883279119382186,0.9076692779273982
0.2,0.9,24,1,0.8052541513533096,1.0,40,0.22919526080597785,0.9069116026263686
0.2,0.9,25,1,0.8049698574411039,1.0,42,0.22952151464909032,0.9065195649926355
0.2,0.9,26,1,0.8063318238131514,1.0,47,0.23828134189916203,0.9065760265038554
0.2,0.9,27,1,0.8053848052342876,1.0,40,0.23161240579112022,0.9066387580771991
0.2,0.9,28,1,0.804519326220589,1.0,33,0.23030579862705347,0.9058511252076827
0.2,0.9,29,1,0.8063136516805787,1.0,51,0.22684975456928272,0.908571986464925
0.2,0.9,30,1,0.8054003652249195,1.0,37,0.23499543972886688,0.9060600579595175
0.2,0.9,31,1,0.8057970018684927,1.0,47,0.23292174217543907,0.9068926359319721
0.2,0.9,32,1,0.8052724072466984,1.0,37,0.23175860349585842,0.9064807255556702
0.2,0.9,33,1,0.8058048729485117,1.0,48,0.2318986190790524,0.9070824471607689
0.2,0.9,34,1,0.8058477685717457,1.0,52,0.23088614567711965,0.9073115843766794
0.2,0.9,35,1,0.8058962451119854,1.0,40,0.228851301653288,0.9077277057223432
0.2,0.9,36,1,0.8054606079932489,1.0,42,0.2279192533442315,0.9073796705783693
0.2,0.9,37,1,0.806148241908523,1.0,60,0.23319022802586362,0.907258479652521
0.2,0.9,38,1,0.8053505144342945,1.0,38,0.23143108917470168,0.9066304130095163
0.2,0.9,39,1,0.8056054667002789,1.0,43,0.23308403100046424,0.9066386612355402
0.2,0.9,40,1,0.8049704449985673,1.0,37,0.23268361170947177,0.9059622391084077
0.2,0.9,41,1,0.805748281993594,1.0,45,0.23315605812561135,0.9067939685585314
0.2,0.9,42,1,0.8053094791217098,1.0,44,0.23056064746697907,0.9067357435313681
0.2,0.9,43,1,0.8063486331281083,1.0,44,0.23010853289168096,0.9080380625815955
0.2,0.9,44,1,0.8057941276150828,1.0,49,0.23548608948722904,0.9064367225788215
0.2,0.9,45,1,0.805734709490691,1.0,47,0.22939310955714248,0.9074420506554352
0.2,0.9,46,1,0.805277568951699,1.0,50,0.2264666058775598,0.9074206800824293
0.2,0.9,47,1,0.8059375911252451,1.0,40,0.2318041666533553,0.9072552542673439
0.2,0.9,48,1,0.805439029899242,1.0,40,0.22907982341187633,0.9071494781028941
0.2,0.9,49,1,0.805514872485896,1.0,50,0.22968024518857352,0.9071327478913062
0.2,0.9,50,1,0.8057119656925328,1.0,45,0.23089031050368272,0.9071510813140935
0.2,0.9,51,1,0.806286618661515,1.0,52,0.23120739441145058,0.9077711876468207
0.2,0.9,52,1,0.8049432058484272,1.0,48,0.2300417657992842,0.906396401151216
0.2,0.9,53,1,0.8057439020013955,1.0,56,0.23255397623402857,0.9068950653721067
0.2,0.9,54,1,0.8045716537930111,1.0,29,0.2328814647178792,0.9054581577474459
0.2,0.9,55,1,0.8052605850841009,1.0,40,0.22738306819300702,0.9072389704178234
0.2,0.9,56,1,0.8055149063399026,1.0,50,0.22672200168173376,0.9076548306913444
0.2,0.9,57,1,0.8047302893083563,1.0,37,0.23219500087822656,0.905765928443085
0.2,0.9,58,1,0.8057942601092677,1.0,61,0.2273253627261261,0.9078770067062922
0.2,0.9,59,1,0.8054583300653203,1.0,54,0.23084798636152284,0.9068601554248129
0.2,0.9,60,1,0.8062929306024441,1.0,82,0.22664366586386867,0.9085839773210164
0.2,0.9,61,1,0.8056178061261313,1.0,52,0.23565452648115007,0.9061995613575984
0.2,0.9,62,1,0.8056214000026223,1.0,42,0.2314705004005755,0.9069421469912184
0.2,0.9,63,1,0.8054137964748237,1.0,41,0.23104206563491003,0.9067735136818668
0.2,0.9,64,1,0.8058229923006055,1.0,36,0.23240214419241317,0.9070149066726388
0.2,0.9,65,1,0.8064889617316311,1.0,65,0.2316450682415819,0.9079320017592871
0.2,0.9,66,1,0.8060984135767498,1.0,49,0.23093252966794006,0.90759827544301
0.2,0.9,67,1,0.8054744970241532,1.0,38,0.23383283965077656,0.9063524365606308
0.2,0.9,68,1,0.80606927287338,1.0,41,0.22997089257755096,0.907733692925585
0.2,0.9,69,1,0.8064357523574284,1.0,35,0.2276948286247383,0.9085665036043724
0.2,0.9,70,1,0.8057294330133271,1.0,44,0.23102106720951227,0.9071485563904708
0.2,0.9,71,1,0.8056949657244222,1.0,40,0.23158087036959696,0.9070092178458624
0.2,0.9,72,1,0.805810418239653,1.0,45,0.2265820262675886,0.9080271932935468
0.2,0.9,73,1,0.8055638860050097,1.0,45,0.23103084016092065,0.9069520705657315
0.2,0.9,74,1,0.8059792528303917,1.0,44,0.22905526532768353,0.9077893682720458
0.2,0.9,75,1,0.8056385799597999,1.0,41,0.2296602829920033,0.9072818088364698
0.2,0.9,76,1,0.8050858492179735,1.0,36,0.2298992200058532,0.9065893720201128
0.2,0.9,77,1,0.8060102644078638,1.0,50,0.23126700230585537,0.9074355459552774
0.2,0.9,78,1,0.8059705834931192,1.0,55,0.22872524066011005,0.9078374086989438
0.2,0.9,79,1,0.8052360420910382,1.0,40,0.23213772112842568,0.9063710399079699
0.2,0.9,80,1,0.8064263292871336,1.0,54,0.2280474736221105,0.908493186169196
0.2,0.9,81,1,0.8056821359817256,1.0,36,0.23300904562215607,0.906742093104002
0.2,0.9,82,1,0.8046513527011123,1.0,37,0.22707112656308334,0.906577274960764
0.2,0.9,83,1,0.8057194435897893,1.0,43,0.23226664684363343,0.9069169959567578
0.2,0.9,84,1,0.8052626976521192,1.0,46,0.23114770402293053,0.9065771082925642
0.2,0.9,85,1,0.8060743125640195,1.0,59,0.23108680959994918,0.9075426954400312
0.2,0.9,86,1,0.8057909822497306,1.0,36,0.22912342734403746,0.9075558448801458
0.2,0.9,87,1,0.805710171027048,1.0,40,0.2326112014504793,0.9068452833052655
0.2,0.9,88,1,0.8054889303479315,1.0,48,0.23116167045657382,0.9068407997405237
0.2,0.9,89,1,0.805740347677206,1.0,37,0.23442153793081363,0.9065613141030395
0.2,0.9,90,1,0.8050857231933799,1.0,56,0.23216480566676953,0.9061894145216047
0.2,0.9,91,1,0.805105273058511,1.0,34,0.2285250299470446,0.9068547277252408
0.2,0.9,92,1,0.8057128164513939,1.0,49,0.23435395259274458,0.9065408512499792
0.2,0.9,93,1,0.8058193135131884,1.0,40,0.23237644367028168,0.9070151140737011
0.2,0.9,94,1,0.8061920798377236,1.0,44,0.23221430802820237,0.9074822748629332
0.2,0.9,95,1,0.8055467719760473,1.0,35,0.2327300361122883,0.9066320783049461
0.2,0.9,96,1,0.8057327177927177,1.0,50,0.2291839986111149,0.9074766094130009
0.2,0.9,97,1,0.8056770577269772,1.0,49,0.23430385397375697,0.9065076230951931
0.2,0.9,98,1,0.8053202066970715,1.0,44,0.22854072253692403,0.9071048215488615
0.2,0.9,99,1,0.8058974327222151,1.0,59,0.23237298091507366,0.9071076300999459
0.2,0.9,100,1,0.805479049568878,1.0,48,0.23259083146999895,0.9065769704098566
